time,vm_used_mb,vm_free_mb,vm_available_mb,host_swap_used_mb,host_free_pages,host_pressure_free_pct
00:19:36,1699,1796,22263,39428.31,1250500,63
00:19:41,1696,1798,22265,39292.31,520544,64
00:19:46,1691,1803,22271,39133.81,949,20
00:19:51,1691,1803,22270,39093.88,4969,19
00:19:56,1680,1814,22282,39045.88,3736,18
00:20:02,1687,1807,22274,39319.94,4877,19
00:20:07,1687,1807,22275,39271.88,4429,20
00:20:12,1682,1812,22279,39183.88,5124,19
00:20:17,1682,1812,22279,39185.44,3296,19
00:20:23,1690,1804,22271,39161.44,5090,19
00:20:28,1710,1783,22251,39205.06,3566,19
00:20:33,1683,1811,22279,39414.56,10342,18
00:20:38,1688,1806,22273,39334.56,4381,19
00:20:44,1683,1810,22278,39094.56,4635,18
00:20:49,1676,1818,22285,39495.69,5617,20
00:20:54,1684,1810,22278,39471.69,967,20
00:20:59,1731,1762,22231,39420.94,5293,19
00:21:05,1703,1790,22259,39356.94,16593,19
00:21:10,1675,1818,22287,39172.94,5136,21
00:21:15,1709,1784,22252,39148.94,4641,19
00:21:20,1697,1796,22265,39140.94,4579,19
00:21:26,1693,1800,22269,39084.94,4554,19
00:21:31,1685,1808,22277,39145.50,5614,19
00:21:36,1759,1734,22203,39129.50,4203,20
00:21:41,1674,1819,22288,39121.50,4262,19
00:21:47,1720,1773,22242,39303.62,4684,18
00:21:52,1731,1762,22231,39295.62,4603,19
00:21:57,1682,1806,22279,39314.19,4909,20
00:22:02,1672,1817,22290,39258.19,4892,19
00:22:08,1693,1796,22269,39234.19,5546,20
00:22:13,1709,1779,22252,39170.19,4527,20
00:22:18,1727,1761,22234,39326.06,4602,19
00:22:23,1688,1801,22274,39326.06,4531,19
00:22:29,1687,1802,22275,39310.06,5477,19
00:22:34,1705,1784,22257,39302.06,4882,19
00:22:39,1711,1778,22251,39278.06,5105,19
00:22:44,1703,1786,22259,39270.06,4973,19
00:22:49,1691,1797,22270,39246.06,5145,18
00:22:55,1696,1793,22266,39238.06,4632,19
00:23:00,1694,1795,22268,39222.06,4872,19
00:23:05,1689,1799,22272,39214.06,7145,19
00:23:10,1698,1791,22264,39150.06,6413,19
00:23:16,1675,1814,22287,39150.06,4362,19
00:23:21,1720,1769,22242,39151.62,4786,19
00:23:26,1732,1757,22230,39151.62,4240,18
00:23:31,1676,1812,22286,39127.62,5639,20
00:23:37,1690,1799,22272,39095.62,5293,19
00:23:42,1720,1768,22242,39095.62,5298,20
00:23:47,1686,1803,22276,39285.94,5833,18
00:23:52,1675,1814,22287,39261.94,6020,18
00:23:58,1689,1800,22273,39261.94,4883,19
00:24:03,1681,1808,22281,39245.94,4614,19
00:24:08,1676,1813,22286,39093.94,1780,19
00:24:13,1696,1792,22265,38976.75,5002,19
00:24:19,1675,1814,22287,38976.75,5254,19
00:24:24,1670,1818,22292,38864.75,8178,19
00:24:29,1741,1748,22221,38908.50,4359,18
00:24:34,1675,1814,22287,38943.50,5687,19
00:24:40,1679,1809,22283,38968.62,3732,19
00:24:45,1747,1741,22214,39133.38,5520,18
00:24:50,1675,1813,22286,39261.81,8172,19
00:24:55,1721,1768,22241,39253.81,4501,19
00:25:01,1685,1799,22276,39245.81,4920,19
00:25:06,1674,1811,22288,39229.81,4977,19
00:25:11,1713,1772,22249,39205.81,4363,19
00:25:16,1710,1775,22252,39784.19,914,18
00:25:22,1726,1758,22235,40102.56,4211,19
00:25:27,1711,1774,22251,40177.06,4359,18
00:25:32,1722,1762,22239,40472.75,4193,18
00:25:38,1672,1812,22289,40464.75,4648,20
00:25:43,1676,1809,22286,40448.75,5159,21
00:25:48,1722,1763,22240,40448.75,6967,22
00:25:53,1681,1804,22281,40344.75,6119,22
00:25:58,1670,1815,22292,40344.75,5146,22
00:26:04,1678,1806,22283,40344.75,7039,23
00:26:09,1677,1807,22285,40264.75,5106,24
00:26:14,1723,1762,22239,40248.75,4770,24
00:26:19,1697,1787,22264,40248.75,5320,24
00:26:24,1675,1810,22287,40232.75,5004,25
00:26:30,1681,1804,22281,40232.75,5216,25
00:26:35,1727,1758,22235,40224.75,4882,24
00:26:40,1695,1789,22267,40208.75,5149,25
00:26:45,1715,1769,22246,40200.75,4311,24
00:26:51,1689,1796,22273,40200.75,5176,23
00:26:56,1687,1798,22275,40200.75,4528,23
00:27:01,1683,1802,22279,40168.75,4797,23
00:27:06,1721,1764,22241,40168.75,5918,23
00:27:11,1677,1808,22285,40088.75,5143,23
00:27:17,1716,1768,22245,40080.75,4710,23
00:27:22,1719,1766,22243,40080.75,5399,23
00:27:27,1683,1802,22279,40072.75,5384,23
00:27:32,1684,1800,22278,40072.75,4131,23
00:27:38,1676,1809,22286,40072.75,5835,22
00:27:43,1675,1809,22287,40072.75,5074,24
00:27:48,1674,1810,22287,40040.75,5158,21
00:27:53,1716,1769,22246,39872.75,9250,20
00:27:58,1688,1797,22274,39872.75,4354,21
00:28:04,1686,1798,22275,39872.75,4783,22
00:28:09,1732,1753,22230,39824.75,4676,22
00:28:14,1681,1804,22281,39816.75,4842,22
00:28:19,1709,1776,22253,39816.75,5694,21
00:28:25,1673,1811,22289,39792.75,5786,23
00:28:30,1720,1764,22241,39784.75,4965,22
00:28:35,1679,1805,22282,39784.75,4555,22
00:28:40,1686,1798,22276,39768.75,2704,22
00:28:46,1681,1804,22281,40046.06,5043,19
00:28:51,1685,1800,22277,40698.94,4665,19
00:28:57,1706,1779,22256,41559.94,5121,18
00:29:02,1686,1798,22275,41685.25,7235,19
00:29:07,1681,1803,22281,41669.25,4471,19
00:29:13,1690,1794,22271,41629.50,4893,19
00:29:18,1675,1810,22287,41697.75,6606,19
00:29:23,1683,1801,22279,41689.75,5543,19
00:29:29,1681,1804,22281,41773.19,6082,18
00:29:34,1685,1800,22277,41776.12,4963,18
00:29:39,1677,1807,22284,41869.38,4329,18
00:29:44,1696,1788,22266,41937.44,4223,19
00:29:50,1670,1814,22291,41967.31,4205,19
00:29:55,1668,1816,22293,41971.25,4957,20
00:30:00,1726,1758,22235,41971.25,4919,19
00:30:05,1691,1793,22270,42079.62,5332,18
00:30:11,1722,1762,22239,42240.00,4911,19
00:30:16,1716,1768,22246,42240.00,6096,19
00:30:21,1685,1799,22276,42219.38,4970,19
00:30:26,1682,1802,22280,42181.50,5464,18
00:30:32,1700,1784,22262,42264.94,6113,18
00:30:37,1721,1764,22241,42408.69,4180,20
00:30:42,1684,1801,22278,42392.69,5170,20
00:30:47,1703,1782,22259,42384.69,5213,18
00:30:53,1733,1752,22229,42408.00,6532,19
00:30:58,1693,1791,22268,42211.56,5059,19
00:31:03,1790,1694,22172,42362.69,5520,19
00:31:08,1693,1791,22268,42346.69,6208,19
00:31:14,1685,1800,22277,42226.69,5648,19
00:31:19,1767,1717,22195,42214.50,4618,18
00:31:24,1678,1806,22283,42436.69,4106,19
00:31:29,1673,1812,22289,42300.69,5071,19
00:31:35,1691,1793,22270,42300.69,4998,19
00:31:40,1724,1760,22238,42331.69,4994,19
00:31:45,1682,1802,22280,42386.81,4428,18
00:31:50,1700,1784,22262,42458.50,6384,18
00:31:56,1693,1791,22268,42458.50,8342,20
